game_name,streams
.hack//g.u. vol. 1: rebirth,5
.hack//infection,1
//todo: today,1
20 minutes till dawn,25
2dark,14
428: shibuya scramble,9
4story online,10
7 days to die,502
8 ball pool,50
911 operator,1
a,1
a dance of fire and ice,41
a hat in time,29
a memoir blue,4
a plague tale: innocence,476
a plague tale: requiem,250
a short hike,6
a way out,134
ace combat 7: skies unknown,49
across the obelisk,6
action taimanin,1
adventure capitalist,1
adventurequest 3d,23
adventurequest worlds,69
agar.io,9
age of empires,47
age of empires iii,63
age of empires iv,256
age of mythology,122
ai: the somnium files,21
aim lab,113
aion,77
aka manto | 赤マント,5
alan wake,41
albion online,490
alice: madness returns,93
alien swarm: reactive drop,3
alien: isolation,425
aliens: fireteam elite,21
alisa,3
alone in the dark: the new nightmare,11
altf4,2
alundra,4
american mcgee's alice,4
american truck simulator,235
amnesia,2
amnesia: a machine for pigs,19
amnesia: rebirth,45
amnesia: the dark descent,88
among the sleep,21
among us,406
anarchy online,2
ancestors legacy,3
ancestors: the humankind odyssey,20
animal crossing: new horizons,181
animal shelter simulator,5
anime music quiz,8
anime world,29
anno 1800,13
anthem,20
apb reloaded,7
apex,21
apex legends,464
apex legends mobile,302
aragami 2,31
archvale,4
arena of valor,206
arida: backland's awakening,8
arise: a simple story,4
ark: survival evolved,476
arknights,49
arma 2,10
arma 3,345
arma reforger,37
as dusk falls,115
ascension: deckbuilding game,6
ashen,30
ashes of creation,6
asphalt 9: legends,16
assassin's creed,62
assassin's creed brotherhood,3
assassin's creed ii,14
assassin's creed iii,33
assassin's creed iv black flag,217
assassin's creed odyssey,472
assassin's creed origins,475
assassin's creed revelations,34
assassin's creed syndicate,125
assassin's creed unity,153
assassin's creed valhalla,480
assetto corsa,347
assetto corsa competizione,440
asterigos: curse of the stars,140
astlibra revision,5
astroneer,115
asura's wrath,2
at dead of night,6
atelier ryza: ever darkness & the secret hideout,9
atlas,20
aura kingdom,6
auto chess,21
automation - the car company tycoon game,2
aven colony,3
awaken: chaos era,26
axie infinity,291
axiom verge,10
azur lane,44
azure striker gunvolt 3,3
back 4 blood,368
backbone,15
backpack hero,4
bad dream: fever,1
bad north,4
baldur's gate: dark alliance ii,3
bang dream! girls band party!,5
banished,2
banjo-kazooie,20
bapbap,1
bare knuckle iii,1
barnyard,4
barony,4
barotrauma,24
basic programming,3
batman: arkham asylum,95
batman: arkham knight,296
batman: arkham origins,76
batora: lost haven,1
battle brothers,5
battleblock theater,3
battlefield 1,424
battlefield 2,4
battlefield 2042,470
battlefield 3,66
battlefield 4,461
battlefield v,460
battlefield: bad company 2,11
battlerite,2
battletech,6
battletoads,19
bayonetta,109
bayonetta 2,50
beacon pines,17
beamng.drive,25
bear & breakfast,10
beasts of bermuda,12
beat saber,133
bee simulator,3
beeny,1
beholder,4
ben 10: power trip,9
bendy and the ink machine,31
beyond: two souls,59
big time,106
bigfoot,8
bingo on stream,1
biomutant,50
bioshock,13
bioshock infinite,100
bitcoin,1
black desert,464
black desert mobile,40
black squad,94
blacksad: under the skin,2
blackshot,12
blade & sorcery,5
blade & soul,19
blair witch,88
blankos block party,8
blasphemous,267
blazblue: central fiction,27
blazing beaks,1
bleach: brave souls,153
blood & bacon,2
bloodborne,461
bloodstained: curse of the moon,2
bloodstained: ritual of the night,156
bloons td 6,278
bloons td battles,1
bloons td battles 2,10
blue fire,10
bomber crew,2
bombergrounds: reborn,24
bomberman 64,2
bone's cafe,1
bonelab,14
boneworks,3
boo men,10
borderlands,14
borderlands 2,126
borderlands 3,225
borderlands: the pre-sequel,19
bound by flame,1
boundless,1
bounty of one,1
brawl stars,321
brawlhalla,440
breath of fire iii,3
breathedge,6
brewmaster,7
bright memory: infinite,9
bro falls: ultimate showdown,6
broken ranks,12
brotato,53
bugsnax,23
bully,53
bum simulator,1
bus simulator 21,12
business tour,86
cabal online,463
caesar iii,4
caliber,2
call of cthulhu,30
call of duty,286
call of duty 2,20
call of duty 4: modern warfare,34
call of duty: advanced warfare,35
call of duty: black ops,34
call of duty: black ops 4,136
call of duty: black ops cold war,432
call of duty: black ops ii,231
call of duty: black ops iii,366
call of duty: black ops iii - zombies chronicles,3
call of duty: infinite warfare,40
call of duty: mobile,332
call of duty: modern warfare,426
call of duty: modern warfare 2,239
call of duty: modern warfare 3,24
call of duty: modern warfare ii,444
call of duty: vanguard,415
call of duty: warzone 2.0,77
call of duty: world at war,17
call of duty: wwii,109
captain of industry,7
captain tsubasa: dream team,1
captain tsubasa: rise of new champions,9
car detailing simulator,1
car mechanic simulator,9
car mechanic simulator 2021,59
carx drift racing online,140
casino,15
castlevania,21
castlevania ii: simon's quest,1
castlevania: aria of sorrow,15
castlevania: bloodlines,6
castlevania: curse of darkness,28
castlevania: dawn of sorrow,11
castlevania: lords of shadow,61
castlevania: lords of shadow 2,25
castlevania: order of ecclesia,8
castlevania: portrait of ruin,2
castlevania: symphony of the night,150
cat cafe manager,2
cat quest ii,8
catherine,10
cats organized neatly,1
celeste,252
century: age of ashes,58
chaos legion,5
charlie murder,1
chess,402
child of light,16
chill corner,10
chimeraland,131
chivalry 2,257
chrono cross,27
chrono trigger,91
cinderella phenomenon,1
circuit superstars,10
cities: skylines,284
clanfolk,1
clash of clans,265
clash royale,265
clicker heroes,1
clock tower,1
clone hero,115
closers,2
code vein,82
codenames,27
combat arms,119
command & conquer: generals,12
command & conquer: red alert 2,3
command & conquer: rivals,19
company of heroes,1
company of heroes 2,30
conan exiles,477
condemned: criminal origins,7
conker's bad fur day,11
conqueror's blade,38
conrad stevenson's paranormal p.i.,1
construction simulator,191
contra iii: the alien wars,1
contractors vr,10
contrast,4
control,173
cookie clicker,12
cookie run: kingdom,30
cooking mama,1
cooking simulator,47
coral island,127
core keeper,14
coromon,29
cosplay maker,7
costume quest,3
counter-strike,179
counter-strike: global offensive,394
cozy grove,55
crab game,40
crash bandicoot,107
crash bandicoot 2: cortex strikes back,48
crash bandicoot 4: it's about time,263
crash bandicoot: warped,22
crash nitro kart,3
crash tag team racing,3
creativerse,5
creepy tale,1
crisis core: final fantasy vii,4
critical ops,36
croc: legend of the gobbos,1
cross the ages: trading card game,1
crosscode,15
crossfire,404
crossout,76
crown trick,11
crsed: f.o.a.d.,73
cruelty squad,1
crusader kings iii,46
cry of fear,25
crypt of the necrodancer,11
crypto,451
crysis 2,4
cult of the lamb,459
cultic,5
cuphead,440
curse of the dead gods,11
cyber hunter,289
cyberpunk 2077,444
dandy ace,21
danganronpa 2: goodbye despair,13
danganronpa v3: killing harmony,7
danganronpa: trigger happy havoc,24
dante's inferno,63
dark cloud 2,1
dark deception,17
dark souls,153
dark souls ii,477
dark souls iii,444
darkest dungeon,73
darkest dungeon ii,40
darkorbit: reloaded,4
darksiders,7
darksiders genesis,40
darksiders ii,35
darksiders iii,45
darkwood,125
darq,12
dauntless,438
dawn of fear,1
day of defeat,18
daymare: 1998,1
days gone,465
dayz,441
dc universe online,13
dcs world,74
ddracenetwork,1
dead by daylight,466
dead by daylight mobile,425
dead cells,213
dead estate,2
dead frontier,5
dead frontier 2,18
dead or alive 6,3
dead rising,18
dead rising 2,18
dead rising 3,6
dead rising 4,12
dead space,253
dead space 2,86
dead space 3,71
deadpoly,4
deadside,185
death and taxes,12
death stranding,486
death's door,66
death's gambit,1
deathloop,450
deathverse: let it die,20
deathwatch,2
deceit,167
decentraland,4
deeeer simulator,2
deep rock galactic,171
dekaron,89
deliver us the moon,19
deltarune,22
demon slayer -kimetsu no yaiba- the hinokami chronicles,35
demon's souls,335
deponia,1
destiny 2,473
destroy all humans!,17
detroit: become human,409
deus ex: mankind divided,6
devil may cry,36
devil may cry 2,31
devil may cry 5,289
devour,450
diablo,7
diablo ii,95
diablo iii,506
diablo immortal,425
digimon digital card battle,6
digimon masters online,506
digimon story: cyber sleuth,33
digimon survive,171
digimon world 3,15
digimon world: next order,9
dinkum,35
dino crisis,32
dirt rally 2.0,107
disc room,1
disco elysium,14
dishonored,21
dishonored 2,29
disney dreamlight valley,495
dissidia final fantasy opera omnia,4
diversion,4
divinity: original sin ii,180
dmc: devil may cry,27
dnf duel,10
dofus,182
dofus touch,17
doki doki literature club!,22
dome keeper,48
don't be afraid,9
don't escape: 4 days to survive,7
don't knock twice,3
don't starve,38
donkey kong country,40
donkey kong country 2: diddy's kong quest,46
donkey kong country 3: dixie kong's double trouble!,82
donkey kong country: tropical freeze,16
donut county,5
doom,143
doom 3,10
doom 64,39
doom eternal,128
doom ii: hell on earth,19
dorfromantik,1
dota 2,501
dota underlords,9
dragon age ii,7
dragon age: inquisition,119
dragon age: origins,41
dragon ball,17
dragon ball fighterz,282
dragon ball legends,27
dragon ball z dokkan battle,22
dragon ball z: budokai 3,12
dragon ball z: kakarot,331
dragon ball: the breakers,120
dragon ball: xenoverse 2,66
dragon quest builders,3
dragon quest heroes: the world tree's woe and the blight below,9
dragon quest viii: journey of the cursed king,4
dragon quest xi: echoes of an elusive age,7
dragon raja,8
dragon's dogma,10
drawful 2,1
drawy,1
dreadout,5
dreadout 2,1
driveclub,1
drug dealer simulator,3
duck game,1
duke nukem 3d,3
dune: spice wars,4
dungeon defenders ii,12
dungeon defenders: awakened,2
dungeon fighter online,11
dungeon master,1
dungeons & dragons online,10
dungeons & dragons: dark alliance,1
dwarf fortress,6
dying light,405
dying light 2: stay human,310
dynasty warriors 9,17
dysmantle,14
ea sports ufc 2,9
ea sports ufc 4,31
earth defense force 5,3
earthbound,4
eastward,8
eco,5
efootball 2023,427
efootball pes 2020,26
elden ring,439
elex ii,1
elite: dangerous,161
elsword,96
embers adrift,1
embr,8
emily wants to play,4
emily wants to play too,1
empyrion - galactic survival,13
ender lilies: quietus of the knights,29
endless space 2,3
enigmatis: the ghosts of maple creek,1
enlisted,79
ensemble stars!! music,1
enter the gungeon,46
entropia universe,1
epic battle fantasy 4,1
epic seven,520
erica,6
escape academy,15
escape from tarkov,477
escape memoirs: mansion heist,3
escape memoirs: mini stories,18
escape room: the sick colleague,14
escape simulator,23
escape the ayuwoki,7
eternal return,69
euro truck simulator 2,451
europa universalis iv,9
eve online,5
everhood,16
everquest ii,1
evil dead: the game,117
evil inside,7
eville,17
evoland,10
evoland 2,1
evolve stage 2,80
exanima,3
f.e.a.r.,20
f.e.a.r. 2: project origin,9
f.e.a.r. 3,10
f1 2015,170
f1 2019,23
f1 2020,75
f1 2021,283
f1 22,472
f1 manager 2022,529
fable ii,1
factorio,75
fall guys,467
falling out,3
fallout 3,40
fallout 4,441
fallout 76,376
fallout shelter,4
fallout: new vegas,28
far cry 3,145
far cry 4,206
far cry 5,400
far cry 6,356
far cry new dawn,39
far cry: primal,64
far: changing tides,10
far: lone sails,3
farming simulator 17,9
farming simulator 19,89
farming simulator 22,484
farthest frontier,91
fatal frame,19
fatal frame ii: crimson butterfly,8
fatal frame iii: the tormented,16
fatal frame: maiden of black water,64
fate/grand order,117
fault: elder orb,25
fell seal: arbiter's mark,5
fez,1
fifa 14,2
fifa 17,20
fifa 18,17
fifa 19,51
fifa 20,24
fifa 21,48
fifa 22,408
fifa 23,457
fifa mobile,109
fifa online 4,1
fight night champion,7
final fantasy,18
final fantasy ii,4
final fantasy iii,1
final fantasy iv,2
final fantasy ix,61
final fantasy tactics,12
final fantasy v,5
final fantasy vi,4
final fantasy vii,114
final fantasy viii,17
final fantasy x,36
final fantasy xiii,83
final fantasy xiii-2,35
final fantasy xiv online,508
final fantasy xv,155
finding paradise,4
fire emblem fates: birthright,5
fire emblem warriors: three hopes,5
fire emblem: path of radiance,2
fire emblem: three houses,14
firewatch,24
first class trouble,15
fisher online,7
fishing planet,174
fishing: north atlantic,1
five nights at freddy's,97
five nights at freddy's 2,19
five nights at freddy's 3,10
five nights at freddy's 4,10
five nights at freddy's: help wanted,8
five nights at freddy's: security breach,58
five nights at freddy's: sister location,10
flicker of hope,1
flight simulator,7
flyff,17
flyff universe,3
fobia: st. dinfna hotel,240
food truck simulator,23
football manager,2
football manager 2008,11
football manager 2022,514
football manager 2023,19
for honor,268
for the king,40
forager,41
force of nature 2: ghost keeper,15
forewarned,24
forgive me father,3
formula one 06,6
forsake,1
fortnite,344
forza horizon,15
forza horizon 2,38
forza horizon 3,19
forza horizon 4,139
forza horizon 5,433
forza motorsport 6,10
forza motorsport 7,107
foundation,4
foxhole,77
fran bow,24
freddy fazbear's pizzeria simulator,8
freestyle football r,194
friday night funkin',67
friday the 13th: the game,148
from space,2
from the darkness,3
frostpunk,68
fuser,1
game dev tycoon,6
game of thrones: a telltale games series,10
game room,3
games explosion,3
gang beasts,50
garena free fire,258
garry's mod,54
gartic,98
gartic phone,483
gartic show,18
gartic.io,18
gas station simulator,80
gears 5,157
gears of war,15
gears of war 2,53
gears of war 3,59
gears of war: judgment,23
gedonia,1
generation zero,37
genshin impact,458
geoguessr,92
geometry dash,84
geotastic,13
get even,6
getting over it with bennett foddy,13
ghost exile,7
ghost exorcism inc.,10
ghost of a tale,1
ghost of tsushima,471
ghost watchers,89
ghostbusters: spirits unleashed,24
ghostbusters: the video game,2
ghostrunner,23
ghostwire: tokyo,49
gloomhaven,65
go,2
god eater 3,2
god hand,34
god of war,456
god of war ii,304
god of war iii,155
god of war: chains of olympus,91
godfall,15
gods unchained,2
golden light,3
goldeneye 007,13
golf it!,14
golf with your friends,81
goose goose duck,99
gotham knights,60
gothic,2
governor of poker 3,5
gran turismo 2,24
gran turismo 7,478
granblue fantasy,2
granblue fantasy: versus,128
grand chase,47
grand theft auto,52
grand theft auto iii,26
grand theft auto iv,229
grand theft auto v,353
grand theft auto: san andreas,354
grand theft auto: vice city,45
graveyard keeper,99
green hell,299
grid,16
grid 2,4
grid legends,127
grim dawn,37
gris,43
ground branch,15
grounded,443
gtfo,22
guardian tales,20
guild wars,1
guild wars 2,459
guilty gear: strive,247
guitar hero,11
guitar hero iii: legends of rock,29
gun,5
gundam evolution,23
gunfire reborn,72
gunz: the duel,9
gwent: the witcher card game,33
habbo,40
hades,324
"haiku, the robot",4
half dead 2,1
half-life,35
half-life 2,46
half-life: alyx,47
halo 4,1
halo 5: guardians,9
halo infinite,187
halo wars 2,6
halo: combat evolved,5
halo: reach,4
halo: the master chief collection,76
happy game,1
hardspace: shipbreaker,3
harry potter and the prisoner of azkaban,6
harry potter and the sorcerer's stone,19
hatsune miku: colorful stage!,5
haunted ps1 demo disc: spectral mall,2
haunting ground,18
hausmeister,2
have a nice death,39
haven,3
haxball,13
hearthstone,484
hearts of iron iv,33
heavy rain,30
hell is others,1
hell let loose,188
hellblade: senua's sacrifice,181
helldivers,4
hello neighbor,24
hello neighbor 2,3
hellseed,2
henry stickmin: breaking the bank,2
her story,7
hercules,1
hero siege,92
heroes & generals,6
heroes of hammerwatch,1
heroes of newerth,2
heroes of the storm,149
hidden deep,6
higurashi no naku koro ni: chapter 7 - minagoroshi,1
hitman,18
hitman 2,17
hitman 3,18
hitman: blood money,2
hogwarts legacy,1
hokko life,14
holdfast: nations at war,7
hollow knight,439
holocure: save the fans!,27
home,50
home sweet home,12
home sweet home: survive,2
homefront: the revolution,8
honkai impact 3rd,289
honor of kings,338
hood: outlaws & legends,8
hooked on you: a dead by daylight dating sim,30
horizon forbidden west,514
horizon zero dawn,385
horror tycoon,1
hot wheels unleashed,181
hotline miami,14
house flipper,130
human: fall flat,61
humankind,9
hunt: showdown,481
huntdown,5
hydroneer,2
hyper front,96
hyper light drifter,11
i wanna be the guy,2
i'm on observation duty,7
i'm on observation duty 5,1
ib,4
icarus,36
iconoclasts,10
identity v,108
idle champions of the forgotten realms,6
ikonei island: an earthlock adventure,17
illusion of gaia,7
immortal life,1
immortals fenyx rising,461
impostor factory,5
imscared,5
in sound mind,39
indoorlands,7
infamous: second son,26
infestation: the new z,170
infinite magicraid,65
infliction,1
initial d,3
injustice 2,152
injustice: gods among us,17
inscryption,51
inside,141
inside the backrooms,444
insurgency: sandstorm,230
internet cafe simulator 2,11
into the breach,4
into the radius,7
iracing,466
irl: the game,62
irmão grande & brasileiro 2,6
iron lung,2
ironsight,94
isla sinaloa,25
isonzo,9
it takes two,466
jack move,18
jak 3,3
jak and daxter: the precursor legacy,3
jak ii,1
jalopy,1
jigsaw puzzle,5
journey,11
journey to the savage planet,14
judas,3
judgment,42
jump force,22
jump king,17
jurassic world evolution,10
jurassic world evolution 2,57
just act natural,8
just cause 3,18
just cause 4,16
just dance 2022,158
just die already,4
kao the kangaroo,18
kao the kangaroo: round 2,2
kards: the wwii card game,9
kartrider: drift,19
keep talking and nobody explodes,22
kena: bridge of spirits,120
kenshi,1
kerbal space program,48
keywe,4
killer instinct,33
killing floor 2,51
killzone: shadow fall,4
king arthur: knight's tale,12
king of retail,6
kingdom come: deliverance,18
kingdom hearts,25
kingdom hearts hd 1.5 + 2.5 remix,77
kingdom hearts ii,17
kingdom hearts iii,33
kingdom rush,2
kingdom two crowns,48
kirby and the forgotten land,41
kiwi clicker,7
knives out,84
knockout city,138
konosuba: fantastic days!,1
kovaak's aim trainer,35
krosmaga,1
krunker,25
kukoro: stream chat games,40
kurtzpel,7
l.a. noire,42
la-mulana,8
labyrinthine,111
langrisser mobile,2
last day on earth: survival,121
last epoch,84
last oasis,7
late night mop,3
lawn mowing simulator,6
layers of fear,27
layers of fear 2,17
lazaret,2
league of legends,403
league of legends: wild rift,329
left 4 dead,8
left 4 dead 2,364
legacy of kain: defiance,3
legacy of kain: soul reaver,7
legend of legaia,28
legend of mana,17
legends of idleon,1
legends of runeterra,429
legion td 2,5
lego batman 3: beyond gotham,9
lego batman: the video game,28
lego bricktales,11
lego dc super-villains,29
lego harry potter: years 1-4,36
lego marvel super heroes,20
lego marvel super heroes 2,10
lego marvel's avengers,16
lego star wars: the complete saga,12
lego star wars: the skywalker saga,60
lego the hobbit,1
let it die,26
let's build a zoo,10
life is feudal: your own,3
life is strange,117
life is strange 2,55
life is strange: before the storm,25
life is strange: true colors,124
lifeafter,12
lily's well,1
limbo,26
lineage 2,507
lisa,1
little big snake,5
little inferno,2
little misfortune,25
little nightmares,380
little nightmares ii,121
little witch in the woods,26
little witch nobeta,7
littlewood,2
live,2
live a live,27
lobotomy corporation,2
lofi hip hop worlds to study in,1
lol,5
lollipop chainsaw,4
longvinter,1
loop hero,14
lords mobile,40
lorelai,2
lost ark,519
lost eidolons,3
lost in random,21
lost judgment,11
lost light,432
lost planet 3,1
lucius,4
luigi's mansion,16
luigi's mansion 3,45
lumencraft,1
lunacid,4
lunch lady,11
mabinogi,1
mad father,12
mad max,147
madden nfl 22,17
madden nfl 23,71
madden nfl mobile,1
made in abyss: binary star falling into darkness,3
madison,164
mafia,25
mafia ii,12
mafia iii,40
magic spellslingers,25
magic: the gathering,482
magicka 2,6
mahjong soul,2
maid of sker,16
make it meme,33
maneater,89
manhunt,6
manhunt 2,12
manifold garden,3
manor lords,7
mansions of madness,1
maplestory,29
marauders,188
marbles on stream,93
mario + rabbids sparks of hope,35
mario kart 64,15
mario kart 8,8
mario kart tour,33
mario kart wii,7
mario party,1
mario party 2,3
mario party 4,1
mario party superstars,17
mario strikers: battle league,3
martha is dead,27
marvel contest of champions,227
marvel snap,81
marvel strike force,1
marvel vs. capcom 2: new age of heroes,8
marvel vs. capcom: infinite,14
marvel's avengers,224
marvel's guardians of the galaxy,380
marvel's spider-man,443
mary skelter: nightmares,3
mass effect,5
mass effect legendary edition,140
mass effect: andromeda,14
max payne 3,24
mech arena: robot showdown,36
mechwarrior 5: mercenaries,2
mechwarrior online,3
medal of honor: airborne,6
medal of honor: allied assault,12
medieval dynasty,109
medieval ii: total war,5
mega man 5,3
mega man 7,8
mega man 8,10
mega man battle network,2
mega man x,81
mega man x2,33
melty blood: type lumina,22
metal gear rising: revengeance,124
metal gear solid,10
metal gear solid 2: sons of liberty,6
metal gear solid 3: snake eater,6
metal gear solid 4: guns of the patriots,5
metal gear solid v: the phantom pain,106
metal gear survive,3
metal slug x,4
metal: hellsinger,463
metaverse,2
metin2,323
metro 2033,20
metro exodus,180
metro: last light,11
metroid,2
metroid dread,58
metroid fusion,12
metroid prime,13
microsoft flight simulator,430
middle-earth: shadow of mordor,496
middle-earth: shadow of war,339
midnight fight express,179
minds eyes,3
minecraft,393
minecraft dungeons,148
minecraft: story mode,1
mini motorways,6
mini world: block art,6
minion masters,12
minute of islands,1
mir4,465
mirage realms,11
mirror's edge,5
mist survival,15
mlb the show 22,6
mobile legends: bang bang,348
mobile suit gundam battle operation 2,7
mon bazou,1
monopoly,2
monopoly plus,29
monopoly poker,1
monster boy and the cursed kingdom,5
monster hunter 4 ultimate,14
monster hunter freedom unite,18
monster hunter frontier g,12
monster hunter rise,490
monster hunter stories 2: wings of ruin,11
monster hunter: world,385
monster sanctuary,14
monster train,6
moonbreaker,6
mordhau,21
mortal kombat,29
mortal kombat 11,441
mortal kombat vs. dc universe,3
mortal kombat x,57
mortal kombat: shaolin monks,28
mortal shell,65
motogp 22,18
motorsport manager,27
mount & blade ii: bannerlord,62
mount & blade: warband,19
mu online,479
muck,63
mudrunner,43
multiversus,403
murder house,12
murdered: soul suspect,3
muse dash,33
mutant year zero: road to eden,9
my friend peppa pig,6
my hero one's justice 2,12
my summer car,54
my time at portia,19
myst,5
mysterium,3
myth of empires,8
naraka: bladepoint,210
naruto shippuden: ultimate ninja storm 2,8
naruto shippuden: ultimate ninja storm 4,128
naruto to boruto: shinobi striker,57
naruto: ultimate ninja storm,10
nascar heat 5,8
nascar racing 2003 season,15
nba 2k19,1
nba 2k20,4
nba 2k21,28
nba 2k23,485
nba live 19,7
necrosmith,3
need for speed,70
need for speed heat,444
need for speed: carbon,19
need for speed: most wanted,157
need for speed: payback,176
need for speed: prostreet,2
need for speed: the run,15
need for speed: underground 2,87
needy streamer overload,2
neo: the world ends with you,3
neodash,1
neon abyss,36
neon white,8
neverwinter,87
new state mobile,81
new super mario bros. wii,5
new tales from the borderlands,1
new world,478
nexomon,3
nhl 22,1
ni no kuni ii: revenant kingdom,27
ni no kuni: cross worlds,271
nier: automata,63
night at the gates of hell,2
night in the woods,14
night of the dead,37
nightmare creatures ii,4
nightmare of decay,5
ninja gaiden,3
nioh,341
nioh 2,52
nioh 2: the complete edition,76
no man's sky,463
no more heroes,3
no more heroes iii,57
no one lives under the lighthouse,1
noita,32
northern lights,1
northgard,30
nostalgia,1
nothing,2
novelai,5
nox,1
nun massacre,15
obscure,10
observation,4
observer,3
occult,7
octopath traveler,60
octopath traveler: champions of the continent,50
oddworld: abe's oddysee,3
oddworld: soulstorm,1
old school runescape,160
olliolli world,1
omega strikers,481
omori,76
omsi 2,66
one piece,9
one piece: pirate warriors 3,4
one piece: pirate warriors 4,78
one piece: treasure cruise,2
one piece: world seeker,11
one-armed cook,33
oneshot,13
onimusha 3: demon siege,21
onrush,4
onward,1
ooblets,1
openttd,1
operation flashpoint: dragon rising,1
orcs must die! 3,33
ori and the blind forest,155
ori and the will of the wisps,159
osu!,441
othercide,6
others,31
outbreak island: pendulum,4
outer wilds,196
outlast,371
outlast ii,240
outriders,164
outward,70
overcooked! 2,241
overkill's the walking dead,3
overwatch 2,404
oxenfree,1
oxide: room 104,1
oxygen not included,99
pacify,75
painkiller,2
paladins,478
palmyra orphanage,1
panzer paladin,4
paper mario,11
paper mario: the origami king,19
paper mario: the thousand-year door,2
"papers, please",27
paranormal hk,1
parasite eve,28
parasite eve ii,16
path of exile,495
path of titans,49
pathfinder: kingmaker,9
pathfinder: wrath of the righteous,38
pathologic 2,22
pavlov vr,40
payday 2,136
pc building simulator,38
pc building simulator 2,57
peglin,5
people playground,2
per aspera,7
perfect dark,2
perfect heist 2,5
perfect world,491
persona 4,2
persona 4 arena ultimax,5
persona 5,5
persona 5 strikers,9
persona q2: new cinema labyrinth,2
pga tour 2k23,1
phantasy star iv: the end of the millennium,2
phantom abyss,2
phantom project,4
phasmophobia,468
phoenix point,3
phoenix wright: ace attorney,23
phoenix wright: ace attorney - justice for all,5
pico park,47
pikuniku,7
pillars of eternity,12
pillars of eternity ii: deadfire,9
pilotwings 64,3
pinball,2
pinball fx3,3
pineview drive,1
pixark,2
planet coaster,23
planet crafter,23
planet zoo,23
planetside 2,44
plants vs. zombies,31
plants vs. zombies 2: it's about time,3
plants vs. zombies: battle for neighborville,22
plants vs. zombies: garden warfare 2,91
plants vs. zombies: heroes,2
plateup!,66
playing games,2
pocket monster,4
pogostuck: rage with your friends,2
point blank,455
pokémon colosseum,4
pokémon community game,442
pokémon conquest,1
pokémon go,370
pokémon gold,4
pokémon insurgence,5
pokémon legends: arceus,235
pokémon mmo 3d,159
pokémon red,4
pokémon revolution online,10
pokémon shield,7
pokémon showdown,13
pokémon stadium,2
pokémon trading card game,132
pokémon trading card game live,9
pokémon trading card game online,121
pokémon unite,431
pokémon uranium,8
pokémon white,7
pokémon x,13
pokémon xd: gale of darkness,7
"pokémon: let's go, eevee!",17
"pokémon: let's go, pikachu!",17
pokéone,124
police simulator: patrol officers,13
pony island,1
pool,5
poppy playtime,82
population: one,19
portal,19
portal 2,146
portal knights,14
post scriptum,41
potion craft,7
potion permit,169
potionomics,7
powerwash simulator,106
praey for the gods,4
predator: hunting grounds,9
prey,103
priest simulator,9
prince of persia,7
prince of persia: the forgotten sands,3
prince of persia: the sands of time,10
princess connect! re:dive,3
prison architect,1
priston tale,120
pro cycling manager 2022,36
pro evolution soccer,27
pro evolution soccer 2013,5
pro evolution soccer 2017,14
pro evolution soccer 6,17
prodeus,104
project nightmares case 36: henrietta kedward,9
project winter,9
project zomboid,488
propnight,1
prototype,1
prototype 2,1
psychonauts,4
pubg mobile,268
pubg: battlegrounds,423
pulling no punches,27
pummel party,120
pump it up xx: 20th anniversary edition,75
pumpkin jack,5
punishing: gray raven,22
quake,15
quake champions,278
quake iii arena,1
quiz show,6
r-type final 2,7
raceroom racing experience,8
raft,494
ragnarok m: eternal love,73
ragnarok online,486
ragnarok origin,9
raid: shadow legends,251
railway empire,6
rain world,1
ranch simulator,72
ratchet & clank,13
ratchet & clank: rift apart,28
ravenfield,2
ravenous devils,2
rayman origins,1
rayman raving rabbids,1
re:legend,10
reaction,11
reaction rally,1
ready or not,111
realm of the mad god,15
realm royale reforged,431
rec room,33
recore,10
red dead redemption 2,445
reminiscence,6
remnant: from the ashes,198
resident evil,392
resident evil 2,455
resident evil 3: nemesis,112
resident evil 4,442
resident evil 5,269
resident evil 6,242
resident evil 7: biohazard,457
resident evil outbreak,11
resident evil resistance,2
resident evil village,466
resident evil zero,20
resident evil: revelations,42
resident evil: revelations 2,106
retro,472
retro game challenge,4
retrowave,3
return to castle wolfenstein,7
return to monkey island,34
returnal,232
rf online,68
rfactor 2,32
rhythm heaven fever,1
rhythm sprout,8
richard burns rally,2
ride 4,19
riders republic,24
rimworld,141
ring fit adventure,10
ring of elysium,30
ring of pain,14
rise of kingdoms,4
rise of nations: extended edition,3
rise of the tomb raider,333
risen,1
rising hell,28
risk of rain 2,95
risk: the game of global domination,8
road 96,52
roblox,318
robox,1
rocco's island: ring to end the pain,1
rock band 4,2
rock simulator,2
rocket league,441
rocket league sideswipe,97
rocksmith,1
rocksmith 2014,24
rogue company,479
rogue legacy 2,67
rogue: genesia,4
roller champions,51
rollercoaster tycoon 2,1
rollerdrome,2
rome: total war,1
rounds,1
royal quest,62
rpg maker,19
rpg maker mv,3
rubik's cube,3
ruined king: a league of legends story,30
rule of rose,9
rumble roses xx,2
rumbleverse,436
runbow,2
rune factory 5,1
runescape,252
rush royale,10
russian fishing 4,32
rust,481
ryse: son of rome,26
s.t.a.l.k.e.r.: anomaly,45
s.t.a.l.k.e.r.: call of pripyat,2
s.t.a.l.k.e.r.: shadow of chernobyl,17
s4 league,17
sackboy: a big adventure,8
saiko no sutoka,2
saint seiya: awakening,454
saint seiya: legends of justice,114
saints row,278
saints row iv,25
sally face,31
salt and sanctuary,13
samurai shodown,4
sapiens,3
satisfactory,256
sausage man,69
scarlet nexus,40
scathe,3
scavengers,1
scorn,444
scp: containment breach,28
scp: secret files,12
scp: secret laboratory,8
scrap mechanic,16
scum,471
sd gundam battle alliance,33
sd gundam g generation cross rays,6
sea of thieves,489
secret of mana,1
sector's edge,1
sekiro: shadows die twice,451
serious sam 4,11
seven knights 2,1
shadow of rome,2
shadow of the colossus,160
shadow of the tomb raider,355
shadows of the damned,3
shadowverse,7
shantae and the pirate's curse,6
shatterline,466
shell shockers,1
shenmue,5
shenmue iii,2
sherlock holmes: the devil's daughter,17
shotgun farmers,1
sid meier's civilization v,8
sid meier's civilization vi,82
sifu,58
silent hill,75
silent hill 2,94
silent hill 4: the room,48
silent hill: downpour,7
silent hill: homecoming,15
silent hill: origins,18
silkroad online,14
simcity,19
simulator simulator,1
siren,5
skate 3,21
skater xl,15
skribbl.io,5
skul: the hero slayer,55
skullgirls,16
skyforge,9
skyweaver,91
slain: back from hell,27
slay the spire,37
slender: the arrival,14
slime rancher,129
slime rancher 2,403
slither.io,1
smite,484
sniper elite 4,107
sniper elite 5,122
sniper elite iii,14
sniper ghost warrior contracts 2,12
snowrunner,386
software inc.,1
solasta: crown of the magister,65
soldier of fortune,1
soma,66
song of horror,26
sonic adventure dx: director's cut,12
sonic frontiers,2
sonic heroes,2
sonic origins,13
sonic robo blast 2,16
sonic unleashed,10
sorare,19
soul hackers 2,69
soulcalibur vi,18
soulstice,88
soulworker,5
sound voltex exceed gear,8
south park,1
south park: the fractured but whole,61
south park: the stick of truth,53
space engineers,50
spec ops: the line,14
spellbreak,14
spelunky 2,16
spiderheck,17
spin rhythm xd,9
spiritfarer,96
splatoon,3
splatoon 2,57
splatoon 3,496
splitgate,26
spongebob squarepants: battle for bikini bottom,1
spore,42
spyro: year of the dragon,6
squad,196
standoff 2,333
star atlas,1
star citizen,245
star ocean: the last hope,2
star stable,2
star trek fleet command,7
star trek online,1
star trek prodigy: supernova,1
star wars battlefront,2
star wars battlefront ii,95
star wars jedi: fallen order,305
star wars: battlefront ii,1
star wars: galaxy of heroes,1
star wars: jedi knight - jedi academy,10
star wars: knights of the old republic ii - the sith lords,1
star wars: republic commando,1
star wars: squadrons,6
star wars: the old republic,29
starbound,45
starcraft,10
stardew valley,479
startup company,1
state of decay,12
state of decay 2,518
stationeers,10
stay out,20
stay out of the house,43
steelrising,150
steep,4
stellaris,31
stepmania,5
stick fight: the game,11
stoneshard,59
stopots,40
stormworks: build and rescue,1
storybook brawl,1
stranded deep,111
stranded: alien dawn,10
strange horticulture,2
stranger of paradise: final fantasy origin,7
stray,407
stream avatars,17
stream games,1
stream racer,9
stream raiders,119
streamer life simulator,4
streamer's court,1
street fighter alpha 3,4
street fighter v,463
streets of rage 4,47
streets of rogue,1
stumble guys,275
submerged,7
submerged: hidden depths,35
subnautica,272
subsistence,21
subway surfers,144
suchart: genius artist simulator,3
suikoden,7
summer of '58,4
summoners war: sky arena,472
sunday gold,2
sunset overdrive,22
super animal royale,42
super mario 3d world,26
super mario 64,125
super mario bros.,9
super mario bros. 3,12
super mario galaxy,31
super mario galaxy 2,9
super mario maker 2,77
super mario odyssey,61
super mario party,1
super mario rpg: legend of the seven stars,11
super mario sunshine,11
super mario world,421
super mecha champions,54
super mega baseball 3,1
super metroid,166
super monkey ball: banana mania,1
super people,449
super robot wars 30,6
super sami roll,1
super seducer,2
super smash bros. brawl,4
super smash bros. melee,8
super smash bros. ultimate,156
super street fighter ii turbo,37
superhot,46
superliminal,22
supraland,13
surgeon simulator 2013,4
surviving mars,9
suspects: mystery mansion,38
sword art online: fatal bullet,18
sword art online: hollow realization,4
swords 'n magic and stuff,1
swords of legends online,3
synth riders,2
t3 arena,303
tabletop simulator,59
taiko no tatsujin: rhythm festival,4
tails of iron,11
tales from the borderlands,7
tales of arise,126
tales of berseria,18
tales of symphonia,7
talisman: digital edition,2
talk to me,7
tanki online,5
tarot,23
tavern master,20
team fortress 2,207
team sonic racing,22
teamfight tactics,455
teardown,5
teenage mutant ninja turtles: shredder's revenge,74
teenage mutant ninja turtles: the hyperstone heist,1
tekken 2,2
tekken 7,344
tekken tag tournament 2,5
tell me why,45
temtem,344
termo,141
terra invicta,4
terraria,445
terror,31
test drive 2001,1
tetr.io,20
tetris,5
tetris 99,3
the ascent,33
the baby in yellow,6
the backrooms 1998,6
the beast inside,42
the blackout club,3
the closing shift,1
the complex,1
the complex: found footage,9
the convenience store,1
the council,2
the crew 2,183
the crooked man,10
the crow's eye,3
the curse of monkey island,5
the cycle: frontier,486
the dark occult,3
the dark pictures anthology: house of ashes,28
the dark pictures anthology: little hope,141
the dark pictures anthology: man of medan,95
the drone racing league simulator,1
the dungeon of naheulbeuk: the amulet of chaos,1
the elder scrolls iii: morrowind,14
the elder scrolls iv: oblivion,10
the elder scrolls online,529
the elder scrolls v: skyrim,271
the escapists,4
the escapists 2,10
the evil within,258
the evil within 2,218
the excavation of hob's barrow,1
the first descendant,147
the forest,444
the fridge is red,32
the game of life 2,1
the glitched attraction,4
the great ace attorney chronicles,2
the guild 3,1
the isle,307
the king of fighters xv,393
the last campfire,18
the last door,4
the last hero of nostalgaia,5
the last of us,448
the last of us part ii,440
the last stand: aftermath,7
the legend of dragoon,20
the legend of heroes: trails in the sky sc,21
the legend of heroes: trails of cold steel,3
the legend of heroes: trails of cold steel iii,5
the legend of zelda,10
the legend of zelda: a link between worlds,6
the legend of zelda: a link to the past,98
the legend of zelda: breath of the wild,458
the legend of zelda: link's awakening,17
the legend of zelda: majora's mask,60
the legend of zelda: ocarina of time,289
the legend of zelda: oracle of ages,4
the legend of zelda: the minish cap,29
the legend of zelda: the wind waker,15
the legend of zelda: twilight princess,23
the long dark,35
the lord of the rings online,26
the lord of the rings: the battle for middle-earth ii,1
the lord of the rings: the third age,1
the medium,40
the messenger,65
the mortuary assistant,423
the order: 1886,11
the quarry,114
the room: old sins,4
the sandbox,73
the seven deadly sins: grand cross,171
the simpsons: hit & run,5
the sims,9
the sims 2,12
the sims 3,10
the sims 4,475
the sims bustin' out,1
the sinking city,22
the spirit and the mouse,2
the spongebob squarepants movie,3
the stanley parable,2
the suffering,2
the suicide of rachel foster,4
the surge,25
the talos principle,14
the tenants,3
the walking dead: michonne,4
the walking dead: saints & sinners,16
the walking dead: season one,76
the walking dead: season two,26
the walking dead: the final season,14
the walking dead: the telltale series collection,49
the walking zombie 2,4
the wandering village,36
the witch's house,5
the witcher,18
the witcher 2: assassins of kings,40
the witcher 3: wild hunt,459
the witness,24
the wolf among us,16
thehunter classic,35
thehunter: call of the wild,410
there is no light,27
they always run,1
they are billions,2
they are here: alien abduction horror,2
they bleed pixels,1
thief,1
thief simulator,3
this war of mine,22
thunder force iii,2
thymesia,148
tibia,473
timberborn,25
timespinner,1
tiny rogues,4
tiny tina's wonderlands,29
tinykin,274
titanfall 2,83
to the moon,16
tom clancy's ghost recon: breakpoint,383
tom clancy's ghost recon: wildlands,459
tom clancy's rainbow six,84
tom clancy's rainbow six extraction,92
tom clancy's rainbow six siege,440
tom clancy's the division,192
tom clancy's the division 2,523
tomb raider,340
tomb raider ii,15
tomb raider iii: adventures of lara croft,4
tomb raider: legend,4
tomb raider: the angel of darkness,1
tony hawk's pro skater 1+2,113
tony hawk's underground 2,1
toontown online,3
top eleven,1
torchlight,10
torchlight ii,10
torchlight: infinite,149
tormented souls,41
total overdose,7
total war saga: thrones of britannia,1
total war: rome ii,7
total war: shogun 2,1
total war: three kingdoms,3
total war: warhammer ii,7
total war: warhammer iii,114
totally accurate battlegrounds,2
touhou project,8
tower of fantasy,461
tower unite,1
town star,1
trackmania,28
trackmania 2: stadium,2
trackmania turbo,6
trailmakers,10
train sim world 3,31
transformers: war for cybertron,2
transistor,8
transport fever 2,4
travellers rest,14
trials of mana,62
triangle strategy,16
tribes of midgard,136
tricky towers,22
trifox,2
trine 4: the nightmare prince,13
trombone champ,59
tropico 5,1
tropico 6,14
trove,119
truck simulator 2,2
tunic,107
turmoil,2
tv station manager,4
tv total events,1
twelve minutes,17
two point campus,80
ultima online,7
ultimate chicken horse,18
ultra kaiju monster rancher,1
ultrakill,28
umamusume: pretty derby,2
uncharted 2: among thieves,32
uncharted 4: a thief's end,139
undecember,463
undermine,12
undertale,155
unknown,3
uno,114
unpacking,56
unrailed!,34
unravel,24
unreal tournament,3
until dawn,139
untitled goose game,12
unturned,67
unusual findings,17
urbek city builder,3
v rising,128
va-11 hall-a: cyberpunk bartender action,3
vainglory,4
valheim,491
valiant hearts: the great war,32
valkyrie elysium,150
valorant,359
vampire survivors,108
vampire: the masquerade - bloodhunt,72
vampire: the masquerade - bloodlines,7
vampyr,70
vanquish,2
victoria ii,3
video horror society,258
vigilante 8: 2nd offense,1
vigor,137
vintage story,26
visage,188
voice of cards: the beasts of burden,3
voidtrain,3
volcanoids,2
vrchat,368
vtol vr,7
wakfu,70
war,3
war mongrels,16
war robots,10
war thunder,484
war thunder: ground forces,5
warface,368
warframe,495
"warhammer 40,000: chaos gate - daemonhunters",3
"warhammer 40,000: dawn of war",3
"warhammer 40,000: inquisitor - martyr",3
"warhammer 40,000: space marine",3
warhammer: vermintide 2,87
warhaven,16
warlander,23
warpips,1
warriors orochi 4,1
wartales,7
warzone,306
wasteland 3,12
watch dogs 2,246
watch dogs: legion,120
watch_dogs,128
way of the hunter,59
we happy few,47
we were here,24
we were here forever,47
we were here too,3
webbed,5
weed shop 3,1
weird west,21
welcome to the game,1
welcome to the game ii,2
werewolf: the apocalypse - earthblood,8
west hunt,5
wheel of fortune,1
white day: a labyrinth named school,6
will to live online,5
windbound,29
witch it,10
wizard101,17
wolfenstein ii: the new colossus,17
wolfenstein: enemy territory,1
wolfenstein: the new order,85
words on stream,117
workers & resources: soviet republic,1
world of horror,3
world of tanks,497
world of tanks: blitz,55
world of warcraft,472
world of warplanes,1
world of warships,390
world war 3,230
worldbox: god simulator,1
wormate.io,92
worms armageddon,22
worms w.m.d,8
wrc 10,2
wreckfest,43
writers,22
wwe 2k16,3
wwe 2k19,3
wwe 2k22,48
wwe champions,8
wwe supercard,3
wylde flowers,1
x-men origins: wolverine,9
x-plane 12,2
x4: foundations,1
xcom 2,57
xcom: chimera squad,3
xcom: enemy unknown,9
xenoblade chronicles,7
xenoblade chronicles 3,122
xenogears,8
xiii,2
yakuza 0,169
yakuza 3,5
yakuza 4,15
yakuza 5,31
yakuza 6: the song of life,12
yakuza: dead souls,1
yakuza: like a dragon,188
yandere school,7
yomawari: night alone,5
yooka-laylee and the impossible lair,5
yoshi's story,2
your turn to die: death game by majority,16
youtubers life 2,4
ys viii: lacrimosa of dana,6
ys: memories of celceta,5
yu-gi-oh! cross duel,21
yu-gi-oh! duel links,438
yu-gi-oh! forbidden memories,304
yu-gi-oh! master duel,464
yume 2kki,1
yuppie psycho,18
z1: battle royale,6
zelda ii: the adventure of link,9
zero caliber vr,1
zero escape: virtue's last reward,6
zero hour,15
zero sievert,1
zombi,3
zombie army 4: dead war,83
zombie army trilogy,5
zula,42
zwift,33
ōkami,6
