game_name,streams
.hack//g.u. vol. 1: rebirth,20
.hack//infection,4
//todo: today,5
20 minutes till dawn,150
2dark,98
428: shibuya scramble,36
4story online,20
7 days to die,5522
8 ball pool,200
911 operator,3
a,4
a dance of fire and ice,164
a hat in time,145
a memoir blue,8
a plague tale: innocence,2856
a plague tale: requiem,1750
a short hike,24
a way out,402
ace combat 7: skies unknown,196
across the obelisk,24
action taimanin,6
adventure capitalist,4
adventurequest 3d,115
adventurequest worlds,207
agar.io,27
age of empires,188
age of empires iii,378
age of empires iv,1024
age of mythology,488
ai: the somnium files,147
aim lab,678
aion,462
aka manto | 赤マント,30
alan wake,205
albion online,1470
alice: madness returns,465
alien swarm: reactive drop,9
alien: isolation,2550
aliens: fireteam elite,63
alisa,15
alone in the dark: the new nightmare,55
altf4,8
alundra,28
american mcgee's alice,20
american truck simulator,1410
amnesia,16
amnesia: a machine for pigs,114
amnesia: rebirth,315
amnesia: the dark descent,528
among the sleep,84
among us,2436
anarchy online,12
ancestors legacy,12
ancestors: the humankind odyssey,120
animal crossing: new horizons,543
animal shelter simulator,20
anime music quiz,16
anime world,116
anno 1800,39
anthem,100
apb reloaded,21
apex,105
apex legends,1392
apex legends mobile,604
aragami 2,124
archvale,16
arena of valor,824
arida: backland's awakening,32
arise: a simple story,20
ark: survival evolved,4284
arknights,392
arma 2,60
arma 3,2415
arma reforger,259
as dusk falls,230
ascension: deckbuilding game,6
ashen,360
ashes of creation,18
asphalt 9: legends,64
assassin's creed,558
assassin's creed brotherhood,24
assassin's creed ii,126
assassin's creed iii,297
assassin's creed iv black flag,1953
assassin's creed odyssey,2832
assassin's creed origins,2850
assassin's creed revelations,238
assassin's creed syndicate,875
assassin's creed unity,918
assassin's creed valhalla,1920
assetto corsa,2082
assetto corsa competizione,1320
asterigos: curse of the stars,700
astlibra revision,20
astroneer,575
asura's wrath,4
at dead of night,24
atelier ryza: ever darkness & the secret hideout,27
atlas,80
aura kingdom,30
auto chess,84
automation - the car company tycoon game,8
aven colony,18
awaken: chaos era,78
axie infinity,1164
axiom verge,50
azur lane,176
azure striker gunvolt 3,9
back 4 blood,1472
backbone,90
backpack hero,28
bad dream: fever,4
bad north,32
baldur's gate: dark alliance ii,18
bang dream! girls band party!,15
banished,10
banjo-kazooie,100
bapbap,3
bare knuckle iii,2
barnyard,12
barony,20
barotrauma,168
basic programming,6
batman: arkham asylum,380
batman: arkham knight,1776
batman: arkham origins,456
batora: lost haven,7
battle brothers,50
battleblock theater,18
battlefield 1,1696
battlefield 2,12
battlefield 2042,1880
battlefield 3,198
battlefield 4,1383
battlefield v,1840
battlefield: bad company 2,66
battlerite,14
battletech,30
battletoads,285
bayonetta,327
bayonetta 2,150
beacon pines,102
beamng.drive,100
bear & breakfast,60
beasts of bermuda,36
beat saber,798
bee simulator,9
beeny,4
beholder,28
ben 10: power trip,45
bendy and the ink machine,217
beyond: two souls,295
big time,318
bigfoot,64
bingo on stream,2
biomutant,250
bioshock,78
bioshock infinite,800
bitcoin,2
black desert,3712
black desert mobile,160
black squad,188
blacksad: under the skin,14
blackshot,36
blade & sorcery,25
blade & soul,38
blair witch,528
blankos block party,16
blasphemous,1869
blazblue: central fiction,135
blazing beaks,5
bleach: brave souls,459
blood & bacon,6
bloodborne,2766
bloodstained: curse of the moon,10
bloodstained: ritual of the night,936
bloons td 6,1112
bloons td battles,2
bloons td battles 2,40
blue fire,70
bomber crew,14
bombergrounds: reborn,72
bomberman 64,14
bone's cafe,4
bonelab,84
boneworks,18
boo men,40
borderlands,70
borderlands 2,756
borderlands 3,1125
borderlands: the pre-sequel,95
born into fear,4
bound by flame,4
boundless,7
bounty of one,3
brawl stars,1284
brawlhalla,3080
breath of fire iii,9
breathedge,48
brewmaster,35
bright memory: infinite,54
bro falls: ultimate showdown,18
broken ranks,24
brotato,265
bugsnax,138
bully,265
bum simulator,4
bus simulator 21,36
business tour,258
cabal online,1389
caesar iii,16
caliber,12
call of cthulhu,150
call of duty,1144
call of duty 2,80
call of duty 4: modern warfare,136
call of duty: advanced warfare,140
call of duty: black ops,204
call of duty: black ops 4,408
call of duty: black ops cold war,1296
call of duty: black ops ii,924
call of duty: black ops iii,1830
call of duty: black ops iii - zombies chronicles,9
call of duty: infinite warfare,200
call of duty: mobile,996
call of duty: modern warfare,1278
call of duty: modern warfare 2,956
call of duty: modern warfare 3,120
call of duty: modern warfare ii,1332
call of duty: vanguard,1245
call of duty: warzone 2.0,385
call of duty: world at war,119
call of duty: wwii,436
captain of industry,35
captain tsubasa: dream team,3
captain tsubasa: rise of new champions,36
car detailing simulator,4
car mechanic simulator,27
car mechanic simulator 2021,177
carx drift racing online,700
casino,30
castlevania,168
castlevania ii: simon's quest,6
castlevania: aria of sorrow,75
castlevania: bloodlines,18
castlevania: curse of darkness,140
castlevania: dawn of sorrow,77
castlevania: lords of shadow,305
castlevania: lords of shadow 2,125
castlevania: order of ecclesia,56
castlevania: portrait of ruin,14
castlevania: symphony of the night,750
cat cafe manager,8
cat quest ii,48
catherine,70
cats organized neatly,2
celeste,1260
century: age of ashes,232
chaos legion,25
charlie murder,5
chess,9246
child of light,48
chill,1
chill corner,30
chimeraland,1048
chivalry 2,2313
chrono cross,54
chrono trigger,364
cinderella phenomenon,4
circuit superstars,50
cities: skylines,1136
clanfolk,6
clash of clans,1060
clash royale,1060
clicker heroes,5
clock tower,9
clone hero,115
closers,4
code vein,328
codenames,81
combat arms,357
command & conquer: generals,48
command & conquer: red alert 2,15
command & conquer: rivals,57
company of heroes,5
company of heroes 2,120
conan exiles,3816
condemned: criminal origins,35
conker's bad fur day,66
conqueror's blade,190
conrad stevenson's paranormal p.i.,2
construction simulator,955
contra iii: the alien wars,4
contractors vr,30
contrast,24
control,692
cookie clicker,96
cookie run: kingdom,120
cooking mama,1
cooking simulator,188
coral island,508
core keeper,84
coromon,203
cosplay maker,14
costume quest,18
counter-strike,537
counter-strike: global offensive,1576
cozy grove,275
crab game,240
crash bandicoot,963
crash bandicoot 2: cortex strikes back,288
crash bandicoot 4: it's about time,1315
crash bandicoot: warped,132
crash nitro kart,9
crash tag team racing,6
creativerse,40
creepy tale,6
crisis core: final fantasy vii,16
critical ops,108
croc: legend of the gobbos,2
cross the ages: trading card game,3
crosscode,90
crossfire,6464
crossout,228
crown trick,66
crsed: f.o.a.d.,219
cruelty squad,5
crusader kings iii,276
cry of fear,150
crypt of the necrodancer,66
crypto,1353
crysis 2,20
cult of the lamb,3213
cultic,10
cuphead,2640
curse of the dead gods,55
cyber hunter,1156
cyberpunk 2077,2220
dandy ace,84
danganronpa 2: goodbye despair,91
danganronpa v3: killing harmony,42
danganronpa: trigger happy havoc,144
dante's inferno,504
dark cloud 2,3
dark deception,102
dark souls,1224
dark souls ii,3339
dark souls iii,2664
darkest dungeon,584
darkest dungeon ii,280
darkorbit: reloaded,12
darksiders,42
darksiders genesis,200
darksiders ii,210
darksiders iii,270
darkwood,1125
darq,48
dauntless,1752
dawn of fear,6
day of defeat,54
daymare: 1998,5
days gone,3255
dayz,4410
dc universe online,91
dcs world,222
ddracenetwork,3
dead by daylight,3262
dead by daylight mobile,2550
dead cells,1065
dead estate,10
dead frontier,30
dead frontier 2,54
dead or alive 6,6
dead rising,126
dead rising 2,126
dead rising 3,42
dead rising 4,108
dead space,1265
dead space 2,516
dead space 3,426
deadpoly,4
deadside,555
death and taxes,96
death stranding,2916
death's door,528
death's gambit,6
deathloop,2250
deathverse: let it die,80
deathwatch,6
deceit,1169
decentraland,24
deeeer simulator,8
deep rock galactic,855
dekaron,178
deliver us the moon,133
deltarune,198
demon slayer -kimetsu no yaiba- the hinokami chronicles,105
demon's souls,2680
deponia,5
destiny 2,3784
destroy all humans!,68
destroyer: the u-boat hunter,4
detroit: become human,2863
deus ex: mankind divided,36
devil may cry,108
devil may cry 2,124
devil may cry 5,867
devour,3600
diablo,42
diablo ii,380
diablo iii,3036
diablo immortal,1275
digimon digital card battle,30
digimon masters online,1518
digimon rpg,20
digimon story: cyber sleuth,198
digimon survive,1368
digimon world 3,45
digimon world: next order,45
dinkum,175
dino crisis,160
dirt rally 2.0,535
disc room,4
disco elysium,84
dishonored,84
dishonored 2,145
disney dreamlight valley,1485
dissidia final fantasy opera omnia,20
diversion,16
divinity: original sin ii,900
dj life,20
dj: decks & fx,1
dmc: devil may cry,108
dnf duel,40
dofus,910
dofus touch,17
doki doki literature club!,110
dome keeper,288
don't be afraid,81
don't escape: 4 days to survive,56
don't knock twice,15
don't starve,342
donkey kong country,120
donkey kong country 2: diddy's kong quest,230
donkey kong country 3: dixie kong's double trouble!,246
donkey kong country: tropical freeze,32
donut county,20
doom,1144
doom 3,90
doom 64,156
doom eternal,768
doom ii: hell on earth,76
dorfromantik,8
dota 2,2505
dota underlords,45
dragon age ii,28
dragon age: inquisition,714
dragon age: origins,123
dragon ball,68
dragon ball fighterz,1128
dragon ball legends,162
dragon ball z dokkan battle,110
dragon ball z: budokai 3,24
dragon ball z: kakarot,1986
dragon ball: the breakers,480
dragon ball: xenoverse 2,462
dragon quest builders,18
dragon quest heroes: the world tree's woe and the blight below,36
dragon quest viii: journey of the cursed king,20
dragon quest xi: echoes of an elusive age,21
dragon raja,24
dragon's dogma,60
drawful 2,5
drawy,3
dreadout,25
dreadout 2,3
driveclub,1
drug dealer simulator,12
duck game,6
duke nukem 3d,12
dune: spice wars,20
dungeon defenders ii,48
dungeon defenders: awakened,10
dungeon fighter online,66
dungeon master,12
dungeons & dragons,471
dungeons & dragons online,40
dungeons & dragons: dark alliance,3
dwarf fortress,60
dying light,3240
dying light 2: stay human,1860
dynasty warriors 9,119
dysmantle,112
ea sports ufc 2,27
ea sports ufc 4,93
earth defense force 5,9
earthbound,40
eastward,40
echocalypse,1
eco,35
education,4
efootball 2023,854
efootball pes 2020,78
elden ring,2195
elex ii,6
elite: dangerous,1610
elsword,480
embers adrift,3
embr,48
emily wants to play,32
emily wants to play too,7
empyrion - galactic survival,130
ender lilies: quietus of the knights,174
endless space 2,12
enigmatis: the ghosts of maple creek,4
enlisted,237
ensemble stars!! music,5
enter the gungeon,276
entropia universe,3
epic battle fantasy 4,4
epic seven,2080
erica,30
escape academy,60
escape from tarkov,3816
escape memoirs: mansion heist,6
escape memoirs: mini stories,36
escape room: the sick colleague,56
escape simulator,138
escape the ayuwoki,21
eternal return,483
euro truck simulator 2,2255
europa universalis iv,45
eve online,25
everhood,112
everquest ii,5
evil dead: the game,936
evil inside,42
eville,119
evoland,60
evoland 2,13
evolve stage 2,160
exanima,21
f.e.a.r.,80
f.e.a.r. 2: project origin,27
f.e.a.r. 3,50
f1 2015,680
f1 2019,69
f1 2020,225
f1 2021,1132
f1 22,1416
f1 manager 2022,2645
fable ii,4
factorio,450
fall guys,2802
falling out,18
fallout 3,280
fallout 4,3087
fallout 76,2256
fallout shelter,20
fallout: new vegas,196
far cry 3,1015
far cry 4,1648
far cry 5,1600
far cry 6,1424
far cry new dawn,156
far cry: primal,384
far: changing tides,60
far: lone sails,24
farming simulator 17,18
farming simulator 19,178
farming simulator 22,1936
farthest frontier,364
fatal frame,57
fatal frame ii: crimson butterfly,32
fatal frame iii: the tormented,64
fatal frame: maiden of black water,384
fate/grand order,234
fault: elder orb,125
fear therapy,66
fell seal: arbiter's mark,30
fez,6
fifa 14,2
fifa 17,20
fifa 18,17
fifa 19,102
fifa 20,48
fifa 21,96
fifa 22,1224
fifa 23,914
fifa mobile,327
fifa online 4,3
fight night champion,35
final fantasy,90
final fantasy ii,12
final fantasy iii,2
final fantasy iv,4
final fantasy ix,305
final fantasy tactics,72
final fantasy v,25
final fantasy vi,20
final fantasy vii,798
final fantasy viii,85
final fantasy x,216
final fantasy xiii,332
final fantasy xiii-2,140
final fantasy xiv online,3556
final fantasy xv,1240
finding paradise,28
fire emblem fates: birthright,30
fire emblem warriors: three hopes,35
fire emblem: path of radiance,12
fire emblem: three houses,98
firewatch,120
first class trouble,90
fisher online,14
fishing planet,348
fishing: north atlantic,3
five nights at freddy's,776
five nights at freddy's 2,133
five nights at freddy's 3,70
five nights at freddy's 4,80
five nights at freddy's: help wanted,32
five nights at freddy's: security breach,406
five nights at freddy's: sister location,70
flicker of hope,8
flight simulator,7
flyff,34
flyff universe,12
fobia: st. dinfna hotel,1680
food truck simulator,92
football manager,4
football manager 2008,33
football manager 2022,3084
football manager 2023,57
for honor,1072
for the king,320
forager,369
force of nature 2: ghost keeper,105
forewarned,96
forgive me father,15
formula one 06,12
forsake,2
fortnite,2408
forza horizon,30
forza horizon 2,114
forza horizon 3,38
forza horizon 4,417
forza horizon 5,1299
forza motorsport 6,40
forza motorsport 7,214
foundation,24
foxhole,539
fps chess,12
fran bow,120
freddy fazbear's pizzeria simulator,32
freestyle football r,582
friday night funkin',268
friday the 13th: the game,444
from space,8
from the darkness,12
frostpunk,340
fuser,3
game dev tycoon,24
game of thrones: a telltale games series,50
game room,9
games explosion,3
games interactive,23
gaming late at night,3
gang beasts,450
garena free fire,516
garry's mod,162
gartic,490
gartic phone,483
gartic show,36
gartic.io,54
gas station simulator,240
gears 5,471
gears of war,60
gears of war 2,159
gears of war 3,236
gears of war: judgment,69
gedonia,3
generation zero,148
genshin impact,1832
geoguessr,368
geometry dash,588
geotastic,26
get even,48
getting over it with bennett foddy,65
ghost exile,21
ghost exorcism inc.,50
ghost of a tale,7
ghost of tsushima,3297
ghost watchers,178
ghostbusters: spirits unleashed,48
ghostbusters: the video game,12
ghostrunner,115
ghostwire: tokyo,196
gloomhaven,390
go,4
god eater 3,8
god hand,204
god of war,5472
god of war ii,1824
god of war iii,775
god of war: chains of olympus,455
godfall,60
gods unchained,10
golden light,15
goldeneye 007,91
golf it!,56
golf with your friends,486
goose goose duck,495
gotham knights,360
gothic,14
governor of poker 3,15
gran turismo 2,72
gran turismo 7,1912
granblue fantasy,6
granblue fantasy: versus,512
grand chase,376
grand fantasia,6
grand theft auto,312
grand theft auto iii,182
grand theft auto iv,1145
grand theft auto v,2118
grand theft auto: san andreas,2124
grand theft auto: vice city,360
graveyard keeper,792
green hell,2093
grid,64
grid 2,16
grid legends,508
grim dawn,296
gris,301
ground branch,45
grounded,1329
gta: la heist,444
gtfo,88
guardian tales,100
guild wars,6
guild wars 2,918
guilty gear: strive,494
guitar hero,11
guitar hero iii: legends of rock,58
gun,15
gundam evolution,69
gunfire reborn,288
gunz: the duel,18
gwent: the witcher card game,132
habbo,120
hades,3240
"haiku, the robot",24
half dead 2,2
half-life,280
half-life 2,184
half-life: alyx,235
halo 4,4
halo 5: guardians,36
halo infinite,561
halo wars 2,18
halo: combat evolved,15
halo: reach,16
halo: the master chief collection,304
happy game,6
hardspace: shipbreaker,3
harry potter and the prisoner of azkaban,30
harry potter and the sorcerer's stone,114
harry potter puzzles and spells,9
hatsune miku: colorful stage!,15
haunted ps1 demo disc: spectral mall,4
haunting ground,54
hausmeister,2
have a nice death,156
haven,21
haxball,13
hearthstone,1936
hearts of iron iv,165
heavy rain,150
hell is others,6
hell let loose,940
hellblade: senua's sacrifice,1086
helldivers,12
hello neighbor,288
hello neighbor 2,18
hellseed,10
henry stickmin: breaking the bank,10
hentaisland: lost pantsu,12
her story,42
hercules,5
hero siege,644
heroes & generals,42
heroes of hammerwatch,5
heroes of newerth,8
heroes of the storm,596
hidden deep,42
higurashi no naku koro ni: chapter 7 - minagoroshi,4
hitman,144
hitman 2,85
hitman 3,126
hitman: blood money,6
hogwarts legacy,5
hokko life,98
holdfast: nations at war,49
hollow knight,2195
holocure: save the fans!,135
home,450
home sweet home,96
home sweet home: survive,10
homefront: the revolution,32
honkai impact 3rd,2890
honor of kings,1014
hood: outlaws & legends,48
hooked on you: a dead by daylight dating sim,120
horizon forbidden west,2570
horizon zero dawn,2695
horror game collection,3
horror tycoon,5
hot wheels unleashed,543
hotel greenwood,5
hotline miami,42
house flipper,520
human: fall flat,488
humankind,45
hunt: showdown,2405
huntdown,30
hydroneer,8
hyper front,384
hyper light drifter,77
i wanna be the guy,14
i'm on observation duty,21
i'm on observation duty 5,3
i'm only sleeping,440
ib,16
icarus,360
iconoclasts,60
identity v,216
idle champions of the forgotten realms,30
ikonei island: an earthlock adventure,85
illusion of gaia,21
immortal life,4
immortals fenyx rising,1844
impostor factory,20
imscared,15
in sound mind,312
indieadventure,3
indoorlands,21
infamous: second son,156
infestation: the new z,850
infinite magicraid,390
infliction,3
initial d,3
injustice 2,304
injustice: gods among us,51
inscryption,306
inside,1833
inside the backrooms,888
insurgency: sandstorm,690
internet cafe simulator 2,77
into the breach,32
into the radius,28
iracing,1864
irl: the game,124
irmão grande & brasileiro 2,30
iron lung,10
ironsight,188
isla sinaloa,125
isonzo,36
it takes two,1864
jack move,72
jak 3,18
jak and daxter: the precursor legacy,12
jak ii,6
jalopy,5
jigsaw puzzle,5
journey,44
journey to the savage planet,28
judas,21
judgment,252
jump force,154
jump king,85
jurassic world evolution,30
jurassic world evolution 2,171
just act natural,48
just cause 3,54
just cause 4,80
just dance 2022,316
just die already,28
kao the kangaroo,198
kao the kangaroo: round 2,8
kards: the wwii card game,36
kartrider: drift,57
keep talking and nobody explodes,132
kena: bridge of spirits,480
kenshi,6
kerbal space program,288
keywe,16
killer instinct,264
killing floor 2,204
killzone: shadow fall,16
king arthur: knight's tale,48
king of retail,18
kingdom come: deliverance,90
kingdom hearts,125
kingdom hearts hd 1.5 + 2.5 remix,308
kingdom hearts ii,68
kingdom hearts iii,231
kingdom rush,12
kingdom two crowns,432
kirby and the forgotten land,205
kiwi clicker,28
knives out,420
knockout city,828
konosuba: fantastic days!,2
kovaak's aim trainer,210
krosmaga,3
krunker,75
kukoro: stream chat games,40
kurtzpel,21
l.a. noire,294
la-mulana,64
labyrinthine,555
langrisser mobile,8
last day on earth: survival,1331
last epoch,420
last oasis,35
late night mop,6
lawn mowing simulator,12
layers of fear,108
layers of fear 2,85
lazaret,8
league of legends,1209
league of legends: wild rift,1316
left 4 dead,32
left 4 dead 2,1456
legacy of kain: defiance,12
legacy of kain: soul reaver,28
legend of legaia,84
legend of mana,68
legends of idleon,4
legends of runeterra,1716
legion td 2,25
lego batman 3: beyond gotham,54
lego batman: the video game,140
lego bricktales,44
lego dc super-villains,174
lego harry potter: years 1-4,252
lego marvel super heroes,160
lego marvel super heroes 2,70
lego marvel's avengers,64
lego star wars: the complete saga,60
lego star wars: the skywalker saga,300
lego the hobbit,6
let it die,104
let's build a zoo,50
life is feudal: your own,30
life is strange,702
life is strange 2,275
life is strange: before the storm,125
life is strange: true colors,868
lifeafter,36
lily's well,6
limbo,182
lineage,4
lineage 2,1521
lisa,7
little big snake,10
little inferno,14
little misfortune,150
little nightmares,2280
little nightmares ii,847
little witch in the woods,130
little witch nobeta,28
littlewood,18
live,4
live a live,108
live bingo,4
lobotomy corporation,8
lofi hip hop worlds to study in,3
lol,10
lollipop chainsaw,12
longvinter,4
loop hero,84
lords mobile,240
lorelai,6
lost ark,2595
lost eidolons,21
lost in random,105
lost judgment,44
lost light,1728
lost planet 3,3
lucius,28
luigi's mansion,64
luigi's mansion 3,135
lumencraft,5
lunacid,16
lunch lady,44
mabinogi,5
mad father,48
mad max,1470
madden nfl 22,85
madden nfl 23,142
madden nfl mobile,1
made in abyss: binary star falling into darkness,18
madison,1312
mafia,150
mafia ii,84
mafia iii,240
magic spellslingers,125
magic: the gathering,3856
magicka 2,30
mahjong soul,2
maid of sker,96
make it meme,66
maneater,534
manhunt,36
manhunt 2,48
manifold garden,9
manor lords,28
mansions of madness,3
maplestory,145
marauders,752
marbles on stream,279
mario + rabbids sparks of hope,210
mario kart 64,45
mario kart 8,48
mario kart tour,66
mario kart wii,28
mario party,4
mario party 2,12
mario party 4,5
mario party superstars,34
mario strikers: battle league,9
martha is dead,162
marvel contest of champions,908
marvel snap,324
marvel strike force,5
marvel vs. capcom 2: new age of heroes,16
marvel vs. capcom: infinite,42
marvel's avengers,672
marvel's guardians of the galaxy,2280
marvel's spider-man,2658
mary skelter: nightmares,15
mass effect,35
mass effect legendary edition,840
mass effect: andromeda,70
max payne 3,96
mech arena: robot showdown,108
mechwarrior 5: mercenaries,12
mechwarrior online,12
medal of honor: airborne,24
medal of honor: allied assault,48
medieval dynasty,545
medieval ii: total war,35
medivia online,387
mega man 5,15
mega man 7,40
mega man 8,50
mega man battle network,12
mega man x,405
mega man x2,165
melty blood: type lumina,66
metal gear rising: revengeance,1116
metal gear solid,90
metal gear solid 2: sons of liberty,18
metal gear solid 3: snake eater,54
metal gear solid 4: guns of the patriots,40
metal gear solid v: the phantom pain,848
metal gear survive,18
metal slug x,20
metal: hellsinger,2778
metaverse,10
metin2,1615
metro 2033,180
metro exodus,1080
metro: last light,66
metroid,8
metroid dread,232
metroid fusion,60
metroid prime,65
microsoft flight simulator,860
middle-earth: shadow of mordor,3472
middle-earth: shadow of war,1695
midnight fight express,895
minds eyes,9
minecraft,2358
minecraft dungeons,740
minecraft: story mode,4
mini motorways,24
mini world: block art,12
minion masters,96
minute of islands,5
mir4,1860
mirage realms,22
mirror's edge,20
mist survival,90
mlb the show 22,18
mobile legends: bang bang,1740
mobile minigames: play & earn,15
mobile suit gundam battle operation 2,21
mon bazou,5
monopoly,54
monopoly plus,232
monopoly poker,1
monster boy and the cursed kingdom,30
monster hunter 4 ultimate,70
monster hunter freedom unite,54
monster hunter frontier g,24
monster hunter rise,2940
monster hunter stories 2: wings of ruin,33
monster hunter: world,1540
monster sanctuary,98
monster train,42
moonbreaker,36
mordhau,105
mortal kombat,145
mortal kombat 11,1323
mortal kombat vs. dc universe,6
mortal kombat x,114
mortal kombat: shaolin monks,84
mortal shell,325
motogp 22,72
motorsport manager,135
mount & blade ii: bannerlord,496
mount & blade: warband,190
mu online,3353
muck,189
mudrunner,172
multiversus,1612
murder house,60
murdered: soul suspect,18
muse dash,132
musical studio,2
mutant year zero: road to eden,63
mx bikes,36
my friend peppa pig,12
my hero one's justice 2,36
my summer car,432
my time at portia,152
myst,35
mysterium,24
myth of empires,88
naraka: bladepoint,630
naruto shippuden: ultimate ninja storm 2,32
naruto shippuden: ultimate ninja storm 4,384
naruto to boruto: shinobi striker,171
naruto: ultimate ninja storm,30
nascar heat 5,24
nascar racing 2003 season,60
nba 2k19,3
nba 2k20,8
nba 2k21,140
nba 2k23,1455
nba live 19,14
necrosmith,15
need for speed,420
need for speed heat,2220
need for speed: carbon,38
need for speed: most wanted,942
need for speed: payback,704
need for speed: prostreet,6
need for speed: the run,30
need for speed: underground 2,261
needy streamer overload,12
neo: the world ends with you,6
neodash,5
neon abyss,216
neon white,48
neverland,2
neverwinter,348
new state mobile,162
new super mario bros. wii,20
new tales from the borderlands,2
new world,1912
nexomon,15
nhl 22,2
ni no kuni ii: revenant kingdom,108
ni no kuni: cross worlds,1355
nier: automata,441
night at the gates of hell,2
night in the woods,70
night of the dead,259
nightmare creatures ii,12
nightmare of decay,30
ninja gaiden,36
nioh,1705
nioh 2,312
nioh 2: the complete edition,456
no man's sky,4167
no more heroes,15
no more heroes iii,171
no one lives under the lighthouse,6
noita,288
northern lights,7
northgard,210
nostalgia,2
nothing,4
novelai,10
nox,4
nun massacre,90
obscure,40
observation,24
observer,21
occult,21
octopath traveler,180
octopath traveler: champions of the continent,200
oddworld: abe's oddysee,18
oddworld: soulstorm,6
old school runescape,800
olliolli world,6
omega strikers,1443
omori,456
omsi 2,132
one piece,27
one piece: pirate warriors 3,8
one piece: pirate warriors 4,234
one piece: treasure cruise,12
one piece: world seeker,44
one-armed cook,33
oneshot,78
onimusha 3: demon siege,63
onrush,4
onward,7
ooblets,4
open the gates!,3
openttd,5
operation flashpoint: dragon rising,6
orcs must die! 3,165
ori and the blind forest,1085
ori and the will of the wisps,636
osu!,1323
othercide,42
others,31
outbreak island: pendulum,12
outer wilds,1372
outlast,2226
outlast ii,1440
outriders,820
outward,350
overcooked! 2,1928
overdrift festival,3
overkill's the walking dead,15
overwatch 2,1616
oxenfree,7
oxide: room 104,6
oxygen,186
oxygen not included,495
pacify,375
painkiller,8
paladins,2390
palmyra orphanage,1
panzer paladin,20
paper mario,66
paper mario: the origami king,95
paper mario: the thousand-year door,10
"papers, please",243
paranormal hk,7
parasite eve,224
parasite eve ii,80
path of exile,3465
path of titans,441
pathfinder: kingmaker,27
pathfinder: wrath of the righteous,228
pathologic 2,176
pavlov vr,120
payday 2,680
pc building simulator,152
pc building simulator 2,114
peglin,20
people playground,4
per aspera,28
perfect dark,22
perfect heist 2,15
perfect world,2455
persona 4,16
persona 4 arena ultimax,10
persona 5,30
persona 5 strikers,45
persona q2: new cinema labyrinth,8
pga tour 2k23,2
phantasy star iv: the end of the millennium,6
phantom abyss,8
phantom forces,9
phantom project,20
phasmophobia,2808
phoenix point,9
phoenix wright: ace attorney,161
phoenix wright: ace attorney - justice for all,20
pico park,141
pikuniku,35
pillars of eternity,60
pillars of eternity ii: deadfire,27
pilotwings 64,12
pinball,34
pinball fx3,15
pineview drive,6
pixark,12
planet coaster,115
planet crafter,184
planet zoo,92
planetside 2,264
plants vs. zombies,372
plants vs. zombies 2: it's about time,21
plants vs. zombies: battle for neighborville,132
plants vs. zombies: garden warfare 2,273
plants vs. zombies: heroes,10
plateup!,330
playing games,4
pocket monster,28
pogostuck: rage with your friends,10
point blank,2730
point blank: strike,238
pokémon colosseum,16
pokémon community game,1768
pokémon conquest,6
pokémon go,2590
pokémon gold,24
pokémon insurgence,20
pokémon legends: arceus,1410
pokémon mmo 3d,318
pokémon planet,24
pokémon red,24
pokémon revolution online,40
pokémon shield,28
pokémon showdown,39
pokémon stadium,8
pokémon trading card game,1320
pokémon trading card game live,9
pokémon trading card game online,726
pokémon unite,1293
pokémon uranium,32
pokémon white,49
pokémon x,78
pokémon xd: gale of darkness,28
"pokémon: let's go, eevee!",85
"pokémon: let's go, pikachu!",85
pokéone,248
police simulator: patrol officers,52
pony island,5
pool,20
pool 2d - poolians,3
poppy playtime,656
population: one,57
portal,152
portal 2,1022
portal knights,112
post scriptum,287
potion craft,49
potion permit,1183
potionomics,28
power & revolution: 2022 edition,2
powerwash simulator,424
praey for the gods,28
predator: hunting grounds,36
prey,824
priest simulator,27
prince of persia,63
prince of persia: the forgotten sands,18
prince of persia: the sands of time,30
princess connect! re:dive,18
prison architect,8
priston tale,360
priston tale 2,36
pro cycling manager 2022,144
pro evolution soccer,54
pro evolution soccer 2013,10
pro evolution soccer 2017,28
pro evolution soccer 6,34
prodeus,624
project nightmares case 36: henrietta kedward,45
project winter,36
project zomboid,3416
propnight,6
prototype,9
prototype 2,8
psychonauts,20
pubg mobile,804
pubg: battlegrounds,1692
pulling no punches,108
pummel party,720
pump it up xx: 20th anniversary edition,75
pumpkin jack,25
punishing: gray raven,110
quake,90
quake champions,834
quake iii arena,3
quiz show,12
r-type final 2,35
raceroom racing experience,24
radio station,194
raft,1976
ragnarok m: eternal love,292
ragnarok online,972
ragnarok origin,36
raid: shadow legends,753
railway empire,18
rain world,7
ranch simulator,288
ratchet & clank,78
ratchet & clank: rift apart,140
ravenfield,8
ravenous devils,8
rayman origins,5
rayman raving rabbids,8
re:legend,70
reaction,11
reaction rally,1
ready or not,555
realm of the mad god,75
realm royale reforged,1293
rec room,198
recore,40
red dead redemption 2,2670
religion inc.,18
reminiscence,12
remnant: from the ashes,792
resident evil,2352
resident evil 2,3640
resident evil 3: nemesis,448
resident evil 4,1768
resident evil 5,1345
resident evil 6,1210
resident evil 7: biohazard,2285
resident evil outbreak,66
resident evil resistance,6
resident evil village,2330
resident evil zero,100
resident evil: revelations,210
resident evil: revelations 2,530
retro,1416
retro game challenge,20
retrowave,12
return to castle wolfenstein,42
return to monkey island,170
returnal,696
rf online,204
rfactor 2,96
rhythm heaven fever,5
rhythm sprout,32
richard burns rally,10
ride 4,57
riders republic,120
rimworld,846
ring fit adventure,50
ring of elysium,60
ring of pain,70
rise of kingdoms,12
rise of nations: extended edition,9
rise of the tomb raider,1998
risen,4
rising hell,168
risk of rain 2,570
risk: the game of global domination,40
road 96,312
roblox,2862
robo50,2
robox,5
rocco's island: ring to end the pain,5
rock band 4,6
rock simulator,2
rocket league,1764
rocket league sideswipe,388
rocksmith,3
rocksmith 2014,48
rogue company,1916
rogue legacy 2,335
rogue: genesia,20
roller champions,204
rollercoaster tycoon 2,3
rollerdrome,10
rome: total war,7
rounds,4
royal quest,124
rpg maker,38
rpg maker mv,9
rubik's cube,9
ruined king: a league of legends story,120
rule of rose,36
rumble roses xx,6
rumbleverse,1308
runbow,14
rune factory 5,5
runescape,2016
rush royale,40
russian fishing 4,192
rust,2886
ryse: son of rome,104
s.t.a.l.k.e.r.: anomaly,90
s.t.a.l.k.e.r.: call of pripyat,10
s.t.a.l.k.e.r.: shadow of chernobyl,119
s4 league,51
sackboy: a big adventure,24
saiko no sutoka,14
saint seiya: awakening,908
saint seiya: legends of justice,114
saints row,2780
saints row iv,175
sally face,186
salt and sanctuary,91
samurai shodown,16
sapiens,24
satisfactory,1792
sausage man,276
scarlet nexus,160
scathe,12
scavengers,5
scorn,1776
scp: containment breach,56
scp: secret files,84
scp: secret laboratory,16
scrap mechanic,96
scum,2826
sd gundam battle alliance,165
sd gundam g generation cross rays,42
sea of thieves,2445
secret of mana,3
sector's edge,3
sekiro: shadows die twice,2255
serious sam 4,55
seven knights 2,4
shadow of rome,14
shadow of the colossus,1120
shadow of the tomb raider,2130
shadows of the damned,9
shadowverse,35
shantae and the pirate's curse,30
shatterline,932
shell shockers,1
shenmue,35
shenmue iii,16
sherlock holmes: the devil's daughter,85
shotgun farmers,4
sid meier's civilization v,64
sid meier's civilization vi,492
sifu,232
silent hill,375
silent hill 2,564
silent hill 4: the room,192
silent hill: downpour,21
silent hill: homecoming,45
silent hill: origins,54
silkroad online,70
simcity,152
simulator simulator,1
siren,20
skate 3,63
skater xl,60
skribbl.io,5
skul: the hero slayer,165
skullgirls,112
skyforge,63
skyweaver,364
slain: back from hell,216
slay the spire,259
sleep,10
slender: the arrival,70
slime rancher,903
slime rancher 2,2821
slither.io,3
smite,2420
sniper elite 4,856
sniper elite 5,732
sniper elite iii,112
sniper ghost warrior contracts 2,72
snowrunner,1930
software inc.,4
solasta: crown of the magister,390
soldier of fortune,7
soma,330
song of horror,78
sonic adventure dx: director's cut,36
sonic frontiers,8
sonic heroes,6
sonic origins,52
sonic robo blast 2,64
sonic unleashed,50
sorare,76
soul hackers 2,207
soulcalibur vi,36
soulstice,704
soulworker,10
sound voltex exceed gear,16
south park,3
south park: the fractured but whole,305
south park: the stick of truth,371
space engineers,400
spec ops: the line,56
spellbreak,42
spelunky 2,96
spiderheck,85
spin rhythm xd,27
spiritfarer,576
splatoon,12
splatoon 2,228
splatoon 3,1984
splitgate,52
spongebob squarepants: battle for bikini bottom,4
spore,504
sports,822
spyro: year of the dragon,30
squad,980
stalcraft,2
standoff 2,666
star atlas,4
star citizen,1960
star ocean: the last hope,6
star stable,14
star trek fleet command,28
star trek online,8
star trek prodigy: supernova,3
star wars battlefront,10
star wars battlefront ii,475
star wars jedi: fallen order,1220
star wars: battlefront ii,4
star wars: galaxy of heroes,5
star wars: jedi knight - jedi academy,40
star wars: knights of the old republic ii - the sith lords,5
star wars: republic commando,5
star wars: squadrons,24
star wars: the old republic,87
starbound,315
starcraft,30
stardew valley,2874
startup company,4
state of decay,120
state of decay 2,3108
stationeers,40
stay out,140
stay out of the house,215
steelrising,900
steep,20
stellaris,155
stepmania,25
stick fight: the game,88
stoneshard,472
stopots,120
stormworks: build and rescue,3
storybook brawl,3
stranded deep,555
stranded: alien dawn,40
strange horticulture,10
stranger of paradise: final fantasy origin,21
stray,1628
stream avatars,68
stream games,1
stream racer,27
stream raiders,238
streamer life simulator,24
streamer's court,3
street fighter alpha 3,12
street fighter v,926
streets of rage 4,235
streets of rogue,9
stumble guys,825
submerged,56
submerged: hidden depths,70
subnautica,1360
subsistence,147
subway surfers,864
suchart: genius artist simulator,12
suikoden,7
summer of '58,16
summoners war: sky arena,1416
sunday gold,14
sunset overdrive,132
super animal royale,294
super mario 3d world,78
super mario 64,500
super mario bros.,54
super mario bros. 3,72
super mario galaxy,124
super mario galaxy 2,27
super mario maker 2,154
super mario odyssey,366
super mario party,7
super mario rpg: legend of the seven stars,77
super mario sunshine,44
super mario world,2526
super mecha champions,162
super mega baseball 3,5
super metroid,996
super monkey ball: banana mania,6
super people,2245
super robot wars 30,18
super sami roll,5
super seducer,8
super smash bros. brawl,16
super smash bros. melee,32
super smash bros. ultimate,312
super street fighter ii turbo,37
superhot,230
superliminal,132
supraland,78
surgeon simulator 2013,20
surviving mars,27
suspects: mystery mansion,114
sword art online: fatal bullet,108
sword art online: hollow realization,16
swords 'n magic and stuff,8
swords of legends online,9
synth riders,10
t3 arena,1212
tabletop simulator,354
taiko no tatsujin: rhythm festival,4
tails of iron,55
tales from the borderlands,35
tales of arise,504
tales of berseria,72
tales of symphonia,21
talisman: digital edition,14
talk to me,28
tanki online,10
tarot,46
tavern master,100
team fortress 2,621
team sonic racing,44
teamfight tactics,2275
teardown,30
teenage mutant ninja turtles: shredder's revenge,370
teenage mutant ninja turtles: the hyperstone heist,3
tekken 2,4
tekken 7,688
tekken tag tournament 2,10
tell me why,135
temtem,1720
termo,141
terra invicta,24
terraria,5340
terror,93
test drive 2001,1
tetr.io,60
tetris,45
tetris 99,6
the ascent,165
the baby in yellow,30
the backrooms 1998,24
the beast inside,210
the blackout club,15
the closing shift,4
the complex,3
the complex: found footage,18
the convenience store,5
the council,12
the crew 2,549
the crooked man,40
the crow's eye,15
the curse of monkey island,30
the cycle: frontier,2430
the dark occult,15
the dark pictures anthology: house of ashes,112
the dark pictures anthology: little hope,564
the dark pictures anthology: man of medan,380
the drone racing league simulator,3
the dungeon of naheulbeuk: the amulet of chaos,9
the elder scrolls iii: morrowind,84
the elder scrolls iv: oblivion,70
the elder scrolls online,2645
the elder scrolls v: skyrim,1897
the escapists,44
the escapists 2,100
the evil within,1290
the evil within 2,1308
the excavation of hob's barrow,4
the first descendant,735
the forest,3552
the fridge is red,128
the game of life 2,9
the glitched attraction,8
the great ace attorney chronicles,8
the guild 3,5
the isle,3377
the king of fighters xv,786
the last campfire,72
the last door,20
the last hero of nostalgaia,25
the last of us,2688
the last of us part ii,2640
the last stand: aftermath,42
the legend of dragoon,100
the legend of heroes: trails in the sky sc,84
the legend of heroes: trails of cold steel,12
the legend of heroes: trails of cold steel iii,25
the legend of zelda,40
the legend of zelda: a link between worlds,48
the legend of zelda: a link to the past,490
the legend of zelda: breath of the wild,3664
the legend of zelda: link's awakening,51
the legend of zelda: majora's mask,300
the legend of zelda: ocarina of time,1734
the legend of zelda: oracle of ages,12
the legend of zelda: the minish cap,116
the legend of zelda: the wind waker,90
the legend of zelda: twilight princess,92
the long dark,280
the lord of the rings online,78
the lord of the rings: the battle for middle-earth ii,4
the lord of the rings: the third age,6
the medium,200
the messenger,585
the mortuary assistant,2115
the order: 1886,66
the quarry,456
the room: old sins,16
the sandbox,511
the seven deadly sins: grand cross,342
the simpsons: hit & run,25
the sims,72
the sims 2,96
the sims 3,80
the sims 4,2850
the sims bustin' out,2
the sinking city,176
the spirit and the mouse,12
the spongebob squarepants movie,9
the stanley parable,6
the suffering,8
the suicide of rachel foster,12
the surge,100
the talos principle,70
the tenants,6
the walking dead: michonne,24
the walking dead: saints & sinners,128
the walking dead: season one,532
the walking dead: season two,182
the walking dead: the final season,84
the walking dead: the telltale series collection,196
the walking zombie 2,16
the wandering village,216
the witch's house,35
the witcher,180
the witcher 2: assassins of kings,160
the witcher 3: wild hunt,2295
the witness,216
the wolf among us,112
thehunter classic,175
thehunter: call of the wild,2050
thelast.io,3
there is no light,162
they always run,8
they are billions,12
they are here: alien abduction horror,8
they bleed pixels,7
thief,9
thief simulator,18
this war of mine,264
thunder force iii,6
thymesia,740
tibia,1419
timberborn,125
timespinner,6
tiny rogues,28
tiny tina's wonderlands,145
tinykin,2192
titanfall 2,332
to the moon,128
tom clancy's ghost recon: breakpoint,2681
tom clancy's ghost recon: wildlands,2754
tom clancy's rainbow six,504
tom clancy's rainbow six extraction,368
tom clancy's rainbow six siege,1760
tom clancy's the division,1920
tom clancy's the division 2,2615
tomb raider,6460
tomb raider ii,60
tomb raider iii: adventures of lara croft,12
tomb raider: legend,12
tomb raider: the angel of darkness,4
tony hawk's pro skater 1+2,452
tony hawk's underground 2,2
toontown online,9
top eleven,2
toram online,24
torchlight,50
torchlight ii,60
torchlight: infinite,745
tormented souls,369
total overdose,42
total war saga: thrones of britannia,5
total war: rome ii,35
total war: shogun 2,7
total war: three kingdoms,18
total war: warhammer ii,28
total war: warhammer iii,570
totally accurate battlegrounds,8
touhou project,40
tower of fantasy,2305
tower unite,7
town star,2
trackmania,224
trackmania 2: stadium,4
trackmania turbo,30
trailmakers,50
train sim world 3,124
transformers: war for cybertron,8
transistor,56
transport fever 2,16
travellers rest,84
trials of mana,310
triangle strategy,96
tribes of midgard,816
tricky towers,110
trifox,12
trine 4: the nightmare prince,78
trombone champ,177
tropico 5,6
tropico 6,28
trove,1071
truck simulator 2,8
tunic,535
turmoil,24
tv station manager,16
tv total events,2
twelve minutes,119
two point campus,480
ultima online,42
ultimate chicken horse,108
ultra kaiju monster rancher,3
ultrakill,112
umamusume: pretty derby,4
uncharted 2: among thieves,192
uncharted 4: a thief's end,695
undecember,1852
undermine,48
undertale,1085
unknown,18
uno,1482
unpacking,392
unrailed!,136
unravel,96
unreal tournament,15
until dawn,417
untitled goose game,96
unturned,402
unusual findings,102
urbek city builder,9
v rising,512
va-11 hall-a: cyberpunk bartender action,15
vainglory,8
valheim,2455
valiant hearts: the great war,224
valkyrie elysium,450
valorant,1436
vampire survivors,540
vampire: the masquerade - bloodhunt,360
vampire: the masquerade - bloodlines,35
vampyr,280
vanquish,12
victoria ii,18
video horror society,1806
vigilante 8: 2nd offense,5
vigor,548
vintage story,104
visage,1128
voice of cards: the beasts of burden,12
voidtrain,9
volcanoids,10
vrchat,1840
vtol vr,21
wakfu,560
war,9
war mongrels,96
war robots,20
war thunder,2420
war thunder: ground forces,10
warface,2576
warframe,2475
"warhammer 40,000: chaos gate - daemonhunters",15
"warhammer 40,000: dawn of war",9
"warhammer 40,000: inquisitor - martyr",15
"warhammer 40,000: space marine",12
warhammer: vermintide 2,348
warhaven,32
warlander,230
warpips,6
warriors orochi 4,6
wartales,56
warzone,1836
wasteland 3,96
watch dogs 2,1722
watch dogs: legion,720
watch_dogs,896
way of the hunter,354
we happy few,470
we were here,120
we were here forever,188
we were here too,12
webbed,25
weed shop 3,4
weird west,126
welcome to the game,4
welcome to the game ii,6
werewolf: the apocalypse - earthblood,48
west hunt,30
wheel of fortune,23
white day: a labyrinth named school,24
will to live online,20
windbound,145
witch it,30
wizard101,34
wolfenstein ii: the new colossus,102
wolfenstein: enemy territory,4
wolfenstein: the new order,680
words on stream,234
workers & resources: soviet republic,5
world of horror,21
world of tanks,3479
world of tanks: blitz,385
world of warcraft,2360
world of warplanes,6
world of warships,2730
world war 3,920
worldbox: god simulator,3
wormate.io,184
worms armageddon,132
worms w.m.d,40
wrc 10,6
wreckfest,215
writers,22
wwe 2k16,6
wwe 2k19,9
wwe 2k22,240
wwe champions,40
wwe supercard,18
wylde flowers,6
x-men origins: wolverine,36
x-plane 12,4
x4: foundations,5
xcom 2,285
xcom: chimera squad,15
xcom: enemy unknown,63
xenoblade chronicles,42
xenoblade chronicles 3,732
xenogears,24
xiii,8
yakuza 0,1690
yakuza 3,30
yakuza 4,120
yakuza 5,93
yakuza 6: the song of life,72
yakuza: dead souls,7
yakuza: like a dragon,752
yandere school,14
yomawari: night alone,25
yooka-laylee and the impossible lair,20
yoshi's story,8
your mom,2
your turn to die: death game by majority,64
youtubers life 2,20
ys viii: lacrimosa of dana,24
ys: memories of celceta,15
yu-gi-oh! cross duel,63
yu-gi-oh! duel links,3066
yu-gi-oh! forbidden memories,1216
yu-gi-oh! master duel,1856
yume 2kki,3
yuppie psycho,72
z1: battle royale,24
zelda ii: the adventure of link,45
zero caliber vr,3
zero escape: virtue's last reward,60
zero hour,135
zero sievert,4
zombi,12
zombie army 4: dead war,332
zombie army trilogy,25
zula,84
zwift,66
ōkami,36
